contact_id,first_name,last_name,email
4661,Cecilia,Velasco,cecilia.velasco@rodrigues.fr
3765,Mariana,Ellis,riana.ellis@rossi.org
4187,Sofie,Woods,sofie.woods@riviere.co
4941,Jeanette,Iannotti,jeanette.iannotti@yahoo.co
2199,Samuel,Sorgatz,samuel.sorgatz@gmail.co
5650,Socorro,Lu,socorro.luna@hotmail.co
5889,Carolina,Murray,carolina.murray@knight.co
4842,Kayla,Moo,kayla.moon@yahoo.d
3280,Ariadna,Geisel,riadna.geisel@rangel.co
5468,Danielle,Ladeck,danielle.ladeck@scalfaro.net
3064,Tatiana,Thompso,tatiana.thompson@hunt.net
4904,Caleb,Benavides,caleb.benavides@rubio.co
1299,Sandra,Hardy,sandra.hardy@web.d
5602,Lotti,Morris,otti.morris@yahoo.co.uk
5753,Reinhilde,Whit,reinhilde.white@voila.fr
4495,Kerry,Patel,kerry.patel@hutchinson.co
4269,Sophie,Antoi,sophie.antoine@andersen.co
2226,Martha,Girard,rtha.girard@web.d
1558,Stephanie,King,stephanie.king@cervantes.co
2307,Amanda,Palmer,nda.palmer@didier.fr
2900,Lina,Alcal,na.alcala@vespa.net
5695,Itzel,Murphy,tzel.murphy@muelichen.d
5708,Filippo,Parry,filippo.parry@live.co
1663,Katelyn,Col,katelyn.cole@fiebig.co
3605,Brian,Novak,brian.novak@ford.net
4678,Cilly,Gay,cilly.gay@callegaro.it
2251,Yolanda,Snyder,yolanda.snyder@gmx.d
6202,Evelin,Odonnell,velin.odonnell@ibarra.net
3715,Ingeborg,Alb,ngeborg.alba@hotmail.co
4242,Marina,Madrid,rina.madrid@galarza-alba.co
4326,Sheila,Goodwi,sheila.goodwin@yahoo.co
5560,Valeria,Rich,valeria.rich@turchetta-mondadori.it
4002,Dustin,Camacho,dustin.camacho@rhodes.org.au
3813,Amalia,Marenzio,.marenzio@grupo.co
5336,Gian,Long,gian.long@hotmail.co
4994,Stewart,Hunt,stewart.hunt@anderson-vargas.biz
1471,Greca,Ruiz,greca.ruiz@carr.co.uk
4482,Gerald,Oliver,gerald.olivera@outlook.co
3241,Jaqueline,Wallac,jaqueline.wallace@gmail.co
3477,John,L,john.lane@gregoire.fr
2265,Pero,Joly,pero.joly@bernard.net
5911,Chad,Turner,chad.turner@gmail.co
2288,Adam,Zaval,dam.zavala@guichard.fr
4064,Tyler,River,tyler.rivera@guajardo-ozuna.co
1294,Jens,Grah,jens.graham@jones-buckley.co
5008,Virginia,Caetani,virginia.caetani@sosa.biz
3604,Martino,Wagner,rtino.wagner@laposte.net
3263,Martin,Meyer,rtin.meyer@davis.co.uk
5631,Marguerite,Walls,rguerite.walls@martinez.fr
2851,Peter,Vogt,peter.vogt@yahoo.co
3714,Nicholas,Christi,nicholas.christian@hotmail.d
1664,Susi,Steinberg,susi.steinberg@preiss.co
5027,Tammy,Ramazzotti,tammy.ramazzotti@gmail.co
3070,Abdul,Thomas,bdul.thomas@vasari.co
4248,Justin,Luxardo,justin.luxardo@googlemail.co
2034,Antonio,Gibso,ntonio.gibson@faust.net
4085,Jeremy,Gomez,jeremy.gomez@oconnor.org
3569,Raymond,Solorzano,raymond.solorzano@gmail.co
3889,Flora,Harris,flora.harris@hotmail.com.au
3136,Cheryl,Boyd,cheryl.boyd@segni.it
2103,Rhys,Leiv,rhys.leiva@gmx.d
2329,Mariano,Prieto,riano.prieto@vodafone.it
3325,Laurie,Fibonacci,urie.fibonacci@gmail.co
3131,David,Rudolph,david.rudolph@nelson.co
4995,Bryan,Ross,bryan.ross@yahoo.co
3631,Ubaldo,Brow,ubaldo.brown@philippe.co
5373,Clelia,Faulkner,clelia.faulkner@hotmail.co
3126,Sara,Erickso,sara.erickson@yahoo.d
2194,Rupert,Vall,rupert.valle@filogamo.it
2906,Puccio,Kitz,puccio.kitzmann@yahoo.co
2611,Thomas,Hutchinso,thomas.hutchinson@gmx.d
2374,Abelardo,Castro,belardo.castro@gmail.co
3254,Greco,Walker,greco.walker@yahoo.co
3571,Miranda,Lacomb,randa.lacombe@longoria-vanegas.net
2812,Diana,Schuchhardt,diana.schuchhardt@libero.it
3961,Stacey,Knox,stacey.knox@corporacin.co
3872,Glen,Faivr,glen.faivre@yahoo.co
4736,Andrew,Torres,ndrew.torres@ruiz-torres.org
5119,Denny,Fritz,denny.fritz@despacho.biz
5725,Martyn,Calder,rtyn.caldera@hotmail.co.uk
4037,Abigail,Foster,bigail.foster@taylor.net
2109,Anthony,Hauffer,nthony.hauffer@tlustek.org
3283,Roger,Gerlach,roger.gerlach@may-mitchell.co.uk
6181,Christopher,Poirier,christopher.poirier@hotmail.co
3251,Branka,Traor,branka.traore@jacobi.co
3443,Briana,Eti,briana.etienne@bishop-coates.co
2988,Brandon,Olso,brandon.olson@prince-moreno.net
1673,Celia,Ungaretti,celia.ungaretti@fox.co
2085,Barbara,Guibert,barbara.guibert@casares-sanches.co
1672,Daniela,Bell,daniela.bell@vollbrecht.org
4426,Phyllis,Gurul,phyllis.gurule@rodriguez-pham.co
3211,Alejandra,Joseph,jandra.joseph@escalante-abrego.biz
3190,Giulio,Bohlander,giulio.bohlander@dbmail.co
2081,Amber,Weller,ber.weller@toso.eu
3185,Mary,Etzold,ry.etzold@conrad-harrison.co
5044,Amy,Georges,y.georges@raedel.d
1883,Jennifer,Giraud,jennifer.giraud@yahoo.co
2067,Rosie,Peltier,rosie.peltier@voila.fr
4604,Oreste,Ward,oreste.ward@proyectos.co
3203,Luis,Edwards,uis.edwards@live.co
5758,Fiona,Griffiths,fiona.griffiths@curatoli-verdone.it
5755,Sally,Ray,sally.raya@tarchetti.it
5150,Carolyn,Charpentier,carolyn.charpentier@hotmail.d
4181,Nathalie,Alvarez,nathalie.alvarez@live.co
3006,Abril,Lowery,bril.lowery@novak.net
4865,Ottone,Sulliv,ottone.sullivan@hussain-kaur.co
2862,Esmeralda,Solli,smeralda.sollima@visintini.it
6070,Silvia,Gierschner,silvia.gierschner@tele2.it
5300,Kyle,Cunningh,kyle.cunningham@voila.fr
3486,Anel,Carpentier,nel.carpentier@klein-joseph.org
5989,Sarah,Davis,sarah.davis@david.co
2849,Luke,Klei,uke.klein@hotmail.co
1612,Gudrun,Mueller,gudrun.mueller@dillon-fuller.info
3307,Melissa,Canali,ssa.canali@libero.it
5288,Gabrielle,Ayal,gabrielle.ayala@hotmail.co
6026,Laura,Buckley,ura.buckley@ryan.org
2212,Wilfrido,Lorch,wilfrido.lorch@leclerc.fr
4591,Robert,Bruder,robert.bruder@manzoni.co
2771,Phillip,Soliz,phillip.soliz@outlook.co
5682,Alex,Smith,x.smith@fournier.fr
5368,Jessica,Martinez,jessica.martinez@salieri.co
3706,Kelly,Carter,kelly.carter@hotmail.com.au
4034,Ahmad,Sos,hmad.sosa@gmail.co
3209,Toralf,Iglesias,toralf.iglesias@borrego.co
2384,Irene,Anichini,rene.anichini@yahoo.co
3074,Alicia,Cainero,cia.cainero@yahoo.co
2031,Tracey,Laboy,tracey.laboy@bell.biz
5873,Donald,Reynaud,donald.reynaud@green.edu.au
5501,Venancio,Stadel,venancio.stadelmann@gmx.d
3489,Seth,Olivier,seth.olivier@yahoo.co
4210,Dennis,Boag,dennis.boaga@gmx.d
6151,Pedro,Wilso,pedro.wilson@outlook.co
6047,Roland,Weih,roland.weihmann@gmail.co
5445,Hector,Morriso,hector.morrison@web.d
5493,Evangelos,Peters,vangelos.peters@sanchez.net
6036,Gerardo,Hamilto,gerardo.hamilton@libero.it
2368,Meta,Cuzzocr,ta.cuzzocrea@howard-jensen.org
1501,Alma,Raymond,.raymond@tin.it
4351,Kathleen,Soli,kathleen.solimena@wallace.biz
3096,Zacharie,Cordier,zacharie.cordier@gmail.co
6162,Riza,Techer,riza.techer@yahoo.co
1433,Enrique,Guill,nrique.guillen@hotmail.co.uk
2720,Tristan,Weeks,tristan.weeks@pena.co
5251,Natalie,Ler,natalie.lerma@boucher.co
1797,Rodney,Hamo,rodney.hamon@hotmail.co
1656,Adalberto,Lombardo,dalberto.lombardo@sfr.fr
1346,Florencia,Querini,florencia.querini@gmail.co
2989,Liam,Rolland,.rolland@yahoo.fr
5629,Ian,Kelly,n.kelly@reeves.com.au
3456,Mehdi,Todd,hdi.todd@web.d
3229,Rembrandt,Liguori,rembrandt.liguori@davis.org
2277,Irmi,Schweitzer,rmi.schweitzer@ozuna.co
1276,Gioffre,Stei,gioffre.stein@hotmail.com.au
3694,Frida,Villarreal,frida.villarreal@hotmail.d
2260,Steffen,Mangold,steffen.mangold@paul.net
5374,Elias,Mari,s.marin@herve.net
4420,Roman,Gonzalez,roman.gonzalez@anderson.net
3849,Reina,Middleto,reina.middleton@hotmail.co
1638,Sandro,Mor,sandro.moran@hotmail.d
5230,Gebhard,Thanel,gebhard.thanel@gmail.co
1763,Antonino,Bolander,ntonino.bolander@gmail.co
4323,Karl,Trevisani,karl.trevisani@anguissola.it
5256,Silvester,Brookes,silvester.brookes@franco.org
4836,Octavio,Pratt,octavio.pratt@web.d
5981,Rebecca,Greer,rebecca.greer@hotmail.co
1463,Pierina,Gaggini,pierina.gaggini@free.fr
4577,Robin,Schleich,robin.schleich@rogers-barrera.biz
4951,Sergio,Abbott,sergio.abbott@moore.net.au
3567,Gilberto,Evans,gilberto.evans@salcedo-archuleta.net
5475,James,Elliott,james.elliott@gmail.co
2114,Timoteo,Bolnbach,timoteo.bolnbach@laboratorios.co
5216,Tonino,Stanley,tonino.stanley@hotmail.co
1665,Margaretha,Murialdo,rgaretha.murialdo@meunier.co
6051,Bianca,Drubi,bianca.drubin@libero.it
3983,Kaylee,Hoff,kaylee.hoffmann@poulain.co
2966,Teresa,Vecellio,teresa.vecellio@yahoo.co
4478,Emine,Tacchini,ne.tacchini@dbmail.co
4238,Dawn,Cortez,dawn.cortez@gmail.co
4404,Emily,Cundari,y.cundari@clark.com.au
5666,Eleanor,Hall,nor.hall@hotmail.co
3691,Monique,Delgadillo,onique.delgadillo@hotmail.co.uk
2703,Arnaude,Warner,rnaude.warner@gmail.co
4253,Jason,Howell,jason.howell@gmx.d
5652,Nicole,Mccullough,nicole.mccullough@hall.co
3279,Rosmarie,Esquibel,rosmarie.esquibel@bouygtel.fr
3233,Leonor,Ferreir,onor.ferreira@gmail.co
3017,Brett,Jones,brett.jones@alice.it
3482,Nino,Bi,nino.bien@gmail.co
2166,Jemma,Tat,jemma.tate@hotmail.d
4146,Denis,Rogers,denis.rogers@poste.it
2651,Vanesa,Kh,vanesa.khan@voila.fr
1409,Victoria,Ojed,victoria.ojeda@doehn.co
3717,Eugenio,Marti,ugenio.martin@yahoo.d
3963,Nancy,Hayes,nancy.hayes@hotmail.co
2152,Lara,Jacob,ra.jacob@buckley.org
2974,Gino,Hernandez,gino.hernandez@covarrubias.co
1268,Vicente,Tijeri,vicente.tijerina@montanariello.co
1822,Michele,Brambill,chele.brambilla@yahoo.co
5066,Dana,Ritacc,dana.ritacca@gmail.co
5075,Mitchell,Bach,tchell.bachmann@suarez-cruz.co
3855,Vincenza,Key,vincenza.key@adams.co
5923,Salvador,Gaillard,salvador.gaillard@yahoo.d
1867,Diane,Rogner,diane.rogner@kelly.co.uk
4376,Josette,Lai,josette.laine@saracino-parisi.net
2785,Courtney,Fiebig,courtney.fiebig@doerschner.co
5884,Hugues,Oliver,hugues.oliver@stiffel.co
2441,Espartaco,Willis,spartaco.willis@hotmail.co
1243,Flavia,Yoder,flavia.yoder@hotmail.d
3411,Casey,Flores,casey.flores@baggio.org
2467,Calogero,Cross,calogero.cross@mercantini.it
1850,Charles,Begu,charles.begum@laboratorios.info
2604,Adina,Pollard,dina.pollard@outlook.co
1693,Natasha,Lar,natasha.lara@outlook.co
2969,Benita,Pottier,benita.pottier@sfr.fr
1544,Elizabeth,Valdivi,zabeth.valdivia@gmail.co
4149,Mattia,Huet,ttia.huet@aol.d
3463,Geza,Howard,geza.howard@voila.fr
2939,Lauren,Guillau,uren.guillaume@sorgatz.org
2202,Joanna,Baxter,joanna.baxter@bruce-wright.co
1728,Tracy,Metz,tracy.metz@bryant.info
5362,Birgit,P,birgit.pena@armellini.it
4840,Elvira,Papafav,vira.papafava@ifrance.co
2955,Ernest,Delor,rnest.delorme@dowerg.d
5354,Christy,Grossi,christy.grossi@alarcon-tafoya.co
3847,Hermelinda,Olmos,hermelinda.olmos@portillo.co
3025,Herbert,Fraser,herbert.fraser@holloway.org.au
1615,Giancarlo,Heydrich,giancarlo.heydrich@hotmail.co
5154,Constance,Maldonado,constance.maldonado@spiess.net
5005,Giampiero,Carlier,giampiero.carlier@hotmail.co
1349,Carlo,Jacquot,carlo.jacquot@hotmail.co
3670,Gabriel,Robles,gabriel.robles@yahoo.co
2912,Gerd,Gunpf,gerd.gunpf@gmail.co
4336,Ashley,Hellwig,shley.hellwig@libero.it
5576,Patrick,Rosas,patrick.rosas@yahoo.co
2736,Lilla,Leonard,.leonard@jungfer.co
3321,Tony,Nicolas,tony.nicolas@morrocco-seddio.net
3353,Allegra,Benedetti,gra.benedetti@miller.co
2336,Camille,Tafuri,camille.tafuri@aol.d
4369,Juan,Wheeler,juan.wheeler@gilmore.net
4464,Leopoldo,Johnso,opoldo.johnson@hotmail.com.au
5626,Dietmar,Grenier,dietmar.grenier@tele2.it
1669,Leonid,Scholl,onid.scholl@collin.co
5544,Olivie,Contarini,olivie.contarini@marshall-wright.biz
6078,Jeffery,Lacroix,jeffery.lacroix@medina.org
2580,Edeltraud,Chavez,deltraud.chavez@hotmail.com.au
3592,Mesut,Morv,sut.morvan@gmail.co
4914,Gregory,Jackso,gregory.jackson@ortiz.co
3848,Nicola,Rossi,nicola.rossi@berry.org
2619,Eddie,Collazo,ddie.collazo@gmail.co
4605,Philippe,Gardner,philippe.gardner@howells-jones.net
6147,Roy,Fox,roy.fox@tejeda.co
1383,Heiderose,Garci,heiderose.garcia@noos.fr
1757,Claudine,Rowley,claudine.rowley@industrias.co
4390,Astrid,Roht,strid.roht@fastwebnet.it
4165,Auguste,Burnett,uguste.burnett@yahoo.fr
4529,Pellegrino,All,pellegrino.allen@gmail.co
6084,Angela,Bowers,ngela.bowers@laboratorios.co
2916,Michael,Descamps,chael.descamps@gmail.co
2005,Heidelore,Kennedy,heidelore.kennedy@guinizzelli.org
2261,Lucrezia,Koch,ucrezia.koch@petit.co
5342,Ivan,Accardo,van.accardo@web.d
4087,Karen,Avogadro,karen.avogadro@yahoo.co
2761,Laetitia,Gallet,titia.gallet@aubry.org
2908,Amico,Gosseli,co.gosselin@shaw.info
2155,Ilaria,Bow,ria.bowen@hotmail.it
5642,Marlen,Coardi,rlen.coardi@colletti.eu
6217,Rafael,Alexander,rafael.alexander@jenkins.co
4222,Herma,Gabb,herma.gabbana@hotmail.co
4798,Zachary,Vespucci,zachary.vespucci@industrias.co
5660,Marisol,Richard,risol.richard@gmail.co
5000,Joseph,Glover,joseph.glover@laposte.net
2809,Lauretta,Neal,uretta.neal@hotmail.d
3349,Simone,Sauvag,simone.sauvage@yahoo.co
3647,Ramona,Brooks,ramona.brooks@kensy.d
5745,Gioele,Schwital,gioele.schwital@moody.co
2583,Elena,Jimenez,na.jimenez@yahoo.com.au
5441,Pam,Vargas,pam.vargas@guillot.net
2090,Alison,Morales,son.morales@lewis.co
3386,Marc,Au,rc.aumann@holland.co
1816,Carla,Butler,carla.butler@yahoo.co
4718,Dionigi,Bruc,dionigi.bruce@industrias.co
1677,Frank,Henry,frank.henry@yahoo.co
4218,Brent,Pons,brent.pons@proyectos.net
4548,Patricia,Liebelt,patricia.liebelt@baca.org
1431,Micheletto,Sykes,cheletto.sykes@thompson-thompson.co
2830,Rose,Blanc,rose.blanc@grupo.co
4400,Vincent,Singh,vincent.singh@gmail.co
5773,Jamie,Peacock,jamie.peacock@interiano-nordio.co
4161,Giorgia,Dijoux,giorgia.dijoux@paul.co
2062,Serena,Piacentini,serena.piacentini@yahoo.d
3458,Dimitri,Posad,dimitri.posada@gmail.co
3174,Alexa,Barillaro,xa.barillaro@ramos.net
5565,Megan,Kuhl,gan.kuhl@despacho.co
1906,Kaitlyn,Farinelli,kaitlyn.farinelli@outlook.co
5479,Jonathan,Castellitto,jonathan.castellitto@libero.it
4320,Lisa,Terragni,sa.terragni@proyectos.co
4213,Olivier,Petrucelli,olivier.petrucelli@letta-raurica.eu
3373,Jos,Trobbiani,jos.trobbiani@samson.co
4184,Mirjam,Dawso,rjam.dawson@yahoo.co
5472,Javier,Tessier,javier.tessier@mclaughlin.biz
5559,Mirjana,Collins,rjana.collins@hotmail.co
5419,Vanessa,Tschentscher,vanessa.tschentscher@mitchell.co
4171,Antonina,Cobb,ntonina.cobb@gibson.org
1302,Bernard,Durand,bernard.durand@royer.co
3520,Corey,Greggio,corey.greggio@johnson.org.au
6010,Rodolfo,Couturier,rodolfo.couturier@tim.it
4617,Pierre,Cardenas,pierre.cardenas@luzi-bonomo.eu
1417,Romeo,Suri,romeo.surian@batista.co
4770,Ivo,Moreno,vo.moreno@hotmail.co
4328,Federico,Mari,federico.marie@jourdan.fr
5171,Maggie,Boito,ggie.boito@yahoo.co
4394,Brianna,Hanso,brianna.hanson@stanley.co
1794,Heiko,Bourgeois,heiko.bourgeois@togliatti.co
3510,Benito,Gritti,benito.gritti@gmail.co
2487,Mitzy,Junk,tzy.junk@zaragoza.co
2215,Samantha,Low,samantha.lowe@praga.it
4136,Ernesto,Nerger,rnesto.nerger@middleton.co.uk
3723,Melinda,Canov,nda.canova@orange.fr
5842,Mohammad,Hartung,ohammad.hartung@hotmail.co
3289,Ben,Maillot,ben.maillot@ramos.net
1249,Isabel,Pruschk,sabel.pruschke@gmail.co
5409,Linda,Franceschi,nda.franceschi@richards.net
2951,Olivia,Striebitz,olivia.striebitz@gmail.co
3432,Penny,Watso,penny.watson@matthews.net
2297,Manfred,James,nfred.james@davies.org
6161,Hazel,Pierc,hazel.pierce@outlook.co
4603,Alf,Bates,f.bates@dunn.co
5818,Scott,Gough,scott.gough@industrias.co
4270,Konrad,Briones,konrad.briones@fierro.co
6007,Mathilde,Kruschwitz,thilde.kruschwitz@yahoo.co
4084,Irma,Gemito,rma.gemito@googlemail.co
1340,Antoine,Guyo,ntoine.guyon@yahoo.co
5675,William,Gibilisco,william.gibilisco@gaillard.co
2010,Judith,Butt,judith.butte@fischer-vaughn.info
6201,Joanne,Henderso,joanne.henderson@gmail.co
1791,Ludovica,Arellano,udovica.arellano@morandi-argento.co
3314,Catherine,Gray,catherine.gray@hotmail.co
5852,Franco,Fioravanti,franco.fioravanti@barry-gill.com.au
4618,Heather,Zimmer,heather.zimmer@bluemel.d
2618,Hortense,Taylor,hortense.taylor@chambers.biz
4967,Livia,Ernst,via.ernst@colas.fr
4594,Toby,Etzler,toby.etzler@industrias.co
2080,Ennio,Leoncavallo,nnio.leoncavallo@sanchez.org
2793,Philippine,Vac,philippine.vaca@hotmail.co
4890,Rhonda,Phillips,rhonda.phillips@yahoo.co
3528,Alphonse,Nitto,phonse.nitto@voila.fr
5810,Karina,Arreol,karina.arreola@yahoo.com.au
5720,Denise,Wood,denise.wood@mantegna.co
4593,Burghard,Rosenow,burghard.rosenow@hotmail.co
3186,Friedl,Powell,friedl.powell@laposte.net
5136,Benjamin,Schultz,benjamin.schultz@rivero-davila.co
2646,Rachel,Ulibarri,rachel.ulibarri@schueler.co
3460,Silvano,Blanchet,silvano.blanchet@yahoo.co
4345,Kurt,Sauer,kurt.sauer@almanza.biz
2690,Nayeli,Gehringer,nayeli.gehringer@hotmail.co
4025,Imelda,Gueri,da.guerin@stumpf.net
4524,Zbigniew,Holmes,zbigniew.holmes@stiffel.net
3978,Adela,Alfonsi,dela.alfonsi@despacho.co
3910,Hilary,Clark,hilary.clark@libero.it
5825,Kornelius,Moli,kornelius.molina@heuser.co
3564,Christian,Anderso,christian.anderson@tim.it
2396,Francisco,Dorsey,francisco.dorsey@tiscali.fr
2140,Walli,Albert,walli.albert@dussen.co
3079,Siegrun,Mot,siegrun.mota@matthews-montoya.org.au
2017,Alberico,Herv,berico.herve@beer.net
5444,Serafina,Bonni,serafina.bonnin@mendes.co
2216,Marcelle,Bender,rcelle.bender@edwards-robinson.info
1241,Hartmuth,Robertso,hartmuth.robertson@thomas.edu.au
1484,Herlinde,Georg,herlinde.george@free.fr
3475,Pamela,Pay,pamela.payne@yahoo.co
4333,Gastone,Beyer,gastone.beyer@stewart-sanchez.edu
5657,Lydia,Berengario,ydia.berengario@aol.d
2527,Lucy,Davidso,ucy.davidson@tele2.it
5967,Franck,Wad,franck.wade@gute.org
5698,Heidi,Barker,heidi.barker@gmail.co
3331,Arnaldo,Ocasio,rnaldo.ocasio@hotmail.co
3841,Francis,Bernier,francis.bernier@rodriguez.co
6105,Johanne,Strong,johanne.strong@yahoo.d
3895,Debra,Langlois,debra.langlois@schmiedecke.co
1891,Reingard,Kambs,reingard.kambs@sagese.eu
1281,Mauro,Ortiz,uro.ortiz@oquendo.net
4186,Griselda,Carranz,griselda.carranza@krause.d
2511,Janet,Madrigal,janet.madrigal@gmail.co
4272,Jenna,Day,jenna.day@reed.co
3533,Modesto,Wright,odesto.wright@pareto.co
3618,Alice,Wall,ce.wall@zaccardo.it
2177,Brenda,Sontag,brenda.sontag@solari.co
4102,Sergius,Mac,sergius.mace@palazzo.co
6089,Antonia,Kli,ntonia.kline@gmail.co
4701,Maurice,Gumprich,urice.gumprich@griffin.net.au
5645,Daniel,Anders,daniel.anders@yahoo.co
4499,Zaira,Cattaneo,zaira.cattaneo@yahoo.co
3365,Alessio,Bruneau,ssio.bruneau@hotmail.co.uk
2290,Gerdi,Guerrero,gerdi.guerrero@tele2.fr
1890,Brigitte,Stiebitz,brigitte.stiebitz@gmail.co
1304,June,Sinisi,june.sinisi@manzoni-giannini.it
3799,Carl,Macias,carl.macias@yahoo.co
2749,Veronica,Trapp,veronica.trapp@tiscali.it
2028,Frances,Garnier,frances.garnier@aporti-guidotti.org
2383,Terri,Iannelli,terri.iannelli@hotmail.co
5721,Odette,Moor,odette.moore@hall.edu
1394,Mercedes,Trujillo,rcedes.trujillo@aol.d
3451,Babette,Dumas,babette.dumas@brady.net
5512,Jerry,Santiago,jerry.santiago@soprano-ferragni.it
2453,Ronald,Simpso,ronald.simpson@ovadia.net
6055,Emmanuel,Dominguez,nuel.dominguez@gmail.co
5704,Christiane,Ricciardi,christiane.ricciardi@zavala.co
3707,Ingolf,Zamor,ngolf.zamora@yahoo.com.au
2205,Rita,Sharp,rita.sharp@beard-scott.edu.au
5976,Geraldine,Cabrer,geraldine.cabrera@green-smith.info
3290,Chantal,Armas,chantal.armas@jenkins.net
4257,Louis,Gilbert,ouis.gilbert@gmail.co
4588,Michelle,Collier,chelle.collier@peruzzi.it
4785,Guillermina,Nicholso,guillermina.nicholson@grondin.fr
3033,Bertrand,Hopkins,bertrand.hopkins@gmail.co
2779,Alonso,Palomo,onso.palomo@gehringer.d
2131,Tina,Rodriguez,tina.rodriguez@web.d
6229,Eva,Francis,va.francis@parker.org
3429,Ottavio,Rust,ottavio.rust@crespi.co
1613,Amelia,Olver,.olvera@hotmail.co
4734,Paul,Palladio,paul.palladio@mclaughlin.net.au
4439,Bernardo,Wieloch,bernardo.wieloch@budig.co
1441,Umberto,Hicks,umberto.hicks@hill.co
5799,Janko,Bishop,janko.bishop@tim.it
1419,Jessika,Meunier,jessika.meunier@gmx.d
3059,Isaac,Benard,saac.benard@googlemail.co
3224,Alexandrie,Lambert,xandrie.lambert@yahoo.co
3181,Roberto,Guyot,roberto.guyot@bennett.co
6061,Giulietta,Lucas,giulietta.lucas@club.co
4466,Damaris,Pininfari,damaris.pininfarina@gmail.co
6081,Fabrizia,Renard,fabrizia.renard@higgins-marks.co
2159,Camillo,Dehmel,camillo.dehmel@brown-campbell.co
3324,Ruggero,Parpinel,ruggero.parpinel@gmail.co
3176,Stephen,Pratesi,stephen.pratesi@hotmail.co
5874,Ludger,Naccari,udger.naccari@ingram.biz
5110,Meryem,Tapi,ryem.tapia@yahoo.co
5490,Jasmine,Juvar,jasmine.juvara@yahoo.com.au
1922,Victoire,Travagli,victoire.travaglia@zacchia.co
4398,Adrian,Noel,drian.noel@perrin.co
4754,Marvin,How,rvin.howe@gmail.co
3309,Hanne,Kidd,hanne.kidd@yahoo.co
1244,Donatello,Millet,donatello.millet@fritsch.net
2892,Eloisa,Pascarell,oisa.pascarella@gmail.co
2777,Erica,Zambrano,rica.zambrano@gmail.co
4952,Paula,Canales,paula.canales@gilmore-guerrero.co
5144,Claudia,Bernard,claudia.bernard@mazzanti.it
5487,Paulina,Miller,paulina.miller@lewis-barker.co
1932,Kathrin,Godfrey,kathrin.godfrey@tele2.fr
3364,Pina,Passalacqu,pina.passalacqua@yahoo.co.uk
5165,Julien,Miles,julien.miles@stevens-rose.co
3858,Suzanne,Benigni,suzanne.benigni@mennea-morlacchi.co
4666,Annalisa,Pugh,nnalisa.pugh@hotmail.fr
2896,Mathew,Maestas,thew.maestas@casas-garrido.co
4520,Laszlo,Vall,szlo.vallee@verdier.co
5726,Helen,Polanco,helen.polanco@hotmail.co
5661,Mateo,Sorrentino,teo.sorrentino@calderon.co
4765,Eric,Barnes,ric.barnes@barrett-winter.co
3710,Dragica,West,dragica.west@yahoo.com.au
4925,Antje,Voisi,ntje.voisin@gmail.co
1533,Stanley,Mills,stanley.mills@parker-lee.biz
5264,Brandy,Meraz,brandy.meraz@yahoo.co
4606,Conor,Reinhardt,conor.reinhardt@yahoo.com.au
2043,Gabino,Blot,gabino.blot@lewis-russell.org
3871,Alvaro,Lemus,varo.lemus@yahoo.co
6205,Patrizia,Wilms,patrizia.wilms@dbmail.co
3193,Metin,Coulo,tin.coulon@ashley.co
1810,Reece,Valenci,reece.valencia@laboy-palomo.co
4797,Troy,Schmiedeck,troy.schmiedecke@picard.co
1487,Wendy,Bustos,wendy.bustos@libero.it
3474,Guglielmo,Caldwell,guglielmo.caldwell@loeffler.co
5771,Travis,Cow,travis.cowan@turner.info
6074,Brandi,Abbagnal,brandi.abbagnale@tele2.fr
1568,Hanno,Gollu,hanno.gollum@smith.co
4263,Jutta,Burk,jutta.burke@elliott.co
5850,Dorothe,Paz,dorothe.paz@fiebig.d
5619,Desiree,Huert,desiree.huerta@morris.co
1904,Ilse,Bray,se.bray@venturi.it
5388,Pierpaolo,Scaduto,pierpaolo.scaduto@sanders-gibson.com.au
2150,Amedeo,Bradford,deo.bradford@yahoo.co
2653,Julia,Ali,julia.ali@yahoo.co
2687,Catalina,Pizzetti,catalina.pizzetti@tim.it
3779,Dylan,Porzio,dylan.porzio@yahoo.d
1494,Iris,Trincavelli,ris.trincavelli@tiscali.fr
4129,Johnathan,Guidotti,johnathan.guidotti@cox-sanchez.net
3035,Walburga,Vollbrecht,walburga.vollbrecht@aol.d
2069,Kendra,David,kendra.david@allan-morton.co
5469,Aleksandr,Weiss,ksandr.weiss@blanc.org
3903,Cornelio,Guardado,cornelio.guardado@gmail.co
4083,Ferdi,Blackbur,ferdi.blackburn@christensen.net
4003,Bill,Gallagher,bill.gallagher@green.co
3565,Leonard,Harvey,onard.harvey@hotmail.co
1640,Milan,Montenegro,n.montenegro@langern.co
4769,Philip,Perez,philip.perez@hotmail.co.uk
3398,Kathryn,Hentschel,kathryn.hentschel@shaw.co
1865,Xavier,Samso,xavier.samson@baggio.it
5690,Hartwig,Roberts,hartwig.roberts@saraceno.net
3814,Kimberly,Ch,kimberly.chan@gmail.co
2942,Lorraine,Crawford,orraine.crawford@gmail.co
5095,Maximiliano,Knowles,ximiliano.knowles@gmail.co
2878,Gabriella,Avil,gabriella.avila@gmail.co
3697,Rico,Mortati,rico.mortati@faivre.fr
4744,Gail,Petrocelli,gail.petrocelli@yahoo.co
2104,Liberto,Niemeier,berto.niemeier@germano-dibiasi.it
4883,Luciana,Petitj,uciana.petitjean@patterson-cole.biz
4807,Ron,Cavazos,ron.cavazos@yahoo.co
1372,Aldo,Cibi,do.cibin@gmx.d
3666,Alexandre,Serrano,xandre.serrano@yahoo.co.uk
2066,Lori,Fagotto,ori.fagotto@hill-anderson.co
1834,Perla,Figuero,perla.figueroa@live.co
5853,Reginald,Hughes,reginald.hughes@gmail.co
2219,Uriel,Holt,uriel.holt@gmail.co
4148,Stefano,Lemonnier,stefano.lemonnier@binner.co
4477,Madeleine,Cooper,deleine.cooper@poste.it
1786,Alban,Barbier,ban.barbier@ortiz.org
3455,Alfonso,Finetti,fonso.finetti@quiroz.co
5707,Ryan,Ki,ryan.kim@noos.fr
5470,Augustin,Wohlgemut,ugustin.wohlgemut@watson.info
3274,Rolando,Bibi,rolando.bibi@tin.it
4613,Berthold,Randall,berthold.randall@mcdonald.co
4465,Genaro,Briand,genaro.briand@sfr.fr
1652,Rudolf,Jenkins,rudolf.jenkins@hotmail.co
2100,Pauline,Acker,pauline.ackermann@arredondo-roque.co
4321,Folker,Swanso,folker.swanson@rodrigues.fr
4168,Ashleigh,Montez,shleigh.montez@perry-schneider.co
3733,Liliana,Barber,na.barber@libero.it
2594,Caridad,Carr,caridad.carr@huhn.co
3909,Lolita,Borrego,olita.borrego@gmail.co
5179,Gunar,Patrick,gunar.patrick@leroy.co
2228,Leokadia,Verdier,okadia.verdier@hotmail.com.au
6222,Hanna,Reid,hanna.reid@salas.org
2354,Edelgard,Kreusel,delgard.kreusel@hotmail.co
1725,Svenja,Perri,svenja.perrin@berger.co
2960,Pierluigi,Taccol,pierluigi.taccola@gmx.d
2077,Cilli,Watts,cilli.watts@yahoo.co
5662,Emiliano,Wells,no.wells@gmx.d
3481,April,Davids,pril.davids@fisher.info
2565,Dolores,Didier,dolores.didier@yahoo.com.au
4436,Sylvia,Bonomo,sylvia.bonomo@poulain.co
5072,Nelly,Marsh,nelly.marsh@hotmail.it
5200,Beth,Miniati,beth.miniati@hudson.net
4502,Renee,Merino,renee.merino@gmail.co
4945,Hailey,Russell,hailey.russell@jourdan.org
3012,Raphaela,Gotthard,raphaela.gotthard@outlook.co
6094,Pomponio,Comencini,pomponio.comencini@hotmail.co.uk
3815,Leone,Richardso,one.richardson@yahoo.co
4838,Valentine,Acost,valentine.acosta@peters.net
3469,Ricciotti,Laureano,ricciotti.laureano@parsons.co
4874,Jacques,Heidrich,jacques.heidrich@zamudio-chapa.co
1792,Anne,Snow,nne.snow@gmail.co
4356,Sonia,Volt,sonia.volta@gmx.d
6196,Dale,Leblanc,dale.leblanc@stewart.co
3578,Alejandro,Cruz,jandro.cruz@hotmail.co
4491,Elsa,Cugi,sa.cugia@yahoo.co
3054,Geronimo,Pechel,geronimo.pechel@hotmail.co
1968,Melania,Kl,nia.klemm@seidel.co
5869,Katherine,Cooley,katherine.cooley@yahoo.co
5858,Guillermo,Lars,guillermo.larsen@yahoo.co
5203,Jill,Barrios,jill.barrios@gmail.co
2577,Austin,Musatti,ustin.musatti@tin.it
3216,Jacinto,Ros,jacinto.rose@yahoo.co
2037,Lucie,Redi,ucie.redi@googlemail.co
3867,Tania,Chap,tania.chapman@remy.co
5109,Alexandria,Best,xandria.best@yahoo.co.uk
1376,Edward,Scott,dward.scott@yahoo.co
5260,Jake,Wiley,jake.wiley@outlook.co
2350,Claudio,Reuter,claudio.reuter@morgan-collins.org.au
2269,Laure,Traett,ure.traetta@kay-perkins.co.uk
3650,Magarete,Valenti,garete.valentin@yahoo.co
3934,Paige,Hill,paige.hill@jones.org.au
4048,Fulvio,Curiel,fulvio.curiel@reynolds.co
4266,Thibaut,Camarillo,thibaut.camarillo@hotmail.co
3863,Romana,Blanchard,romana.blanchard@googlemail.co
4922,Thibault,Savorg,thibault.savorgnan@butler.biz
4517,Alexander,Pausini,xander.pausini@gonzalez.info
3259,Pierangelo,Scholtz,pierangelo.scholtz@lefevre.co
3123,Emmanuelle,Keller,nuelle.keller@morton-clarke.co
3870,Isabella,Deleo,sabella.deleon@web.d
2996,Timothy,Weitzel,timothy.weitzel@gmail.co
2993,Alfredo,Ingr,fredo.ingram@hotmail.co
4556,Francesca,Kad,francesca.kade@luna-rael.org
2326,Tonia,Col,tonia.coleman@hotmail.co
4109,Gottfried,Barb,gottfried.barbe@hotmail.co
5739,Jeffrey,Trommler,jeffrey.trommler@yahoo.co
5887,Giacobbe,Owens,giacobbe.owens@huet.fr
1651,Conchita,Pagliaro,conchita.pagliaro@googlemail.co
1628,Kevin,Delahay,kevin.delahaye@ellis-wilson.co
2642,Rouven,Ovadi,rouven.ovadia@gmail.co
6020,Piermaria,Laport,piermaria.laporte@wesack.co
4747,Karolin,Joh,karolin.johann@hotmail.co
5534,Steven,Folliero,steven.folliero@noos.fr
4790,Livio,Rosselli,vio.rosselli@green.co.uk
4632,Gaetano,Leonardi,gaetano.leonardi@despacho.co
1952,Cynthia,Robinso,cynthia.robinson@gilles.net
4388,Eleni,Apont,ni.aponte@club-internet.fr
5529,Noelia,Romo,noelia.romo@yahoo.co
1316,Evelyn,Haynes,velyn.haynes@clark.info
1670,Katharine,Zaccagnini,katharine.zaccagnini@hotmail.co
4909,Lea,Merl,.merle@stey.d
3401,Marta,Huynh,rta.huynh@hernandez.info
4619,Amador,Riley,dor.riley@hotmail.co
4722,Julie,Coles,julie.coles@hotmail.fr
2188,Beverley,Telesio,beverley.telesio@regnier.fr
5497,Corinne,Mitschk,corinne.mitschke@hauffer.net
5711,Valerie,Orteg,valerie.ortega@tele2.it
4076,Carlos,Dell,carlos.delle@hicks.co
1847,Christina,Besnard,christina.besnard@delorme.co
2816,Rosario,Jacques,rosario.jacques@yahoo.co
5019,Celal,Fischer,celal.fischer@aol.d
4869,Leonardo,Guz,onardo.guzman@andreozzi-abba.co
3613,Clinton,Maso,clinton.mason@yahoo.co
3069,Loretta,Mallet,oretta.mallet@sansoni-toscani.it
2601,Lorenzo,Roero,orenzo.roero@hotmail.co.uk
2133,Lando,Gutierrez,ndo.gutierrez@heser.co
3164,Elaine,Patterso,ne.patterson@rose-morris.org
3897,Marcella,Govoni,rcella.govoni@barkholz.net
5663,Ettore,Amaldi,ttore.amaldi@germain.co
3879,Rufino,Gallegos,rufino.gallegos@webster-newton.co.uk
5900,Georges,Richards,georges.richards@macdonald.co
2272,Janice,Infantino,janice.infantino@hotmail.co
5436,Svetlana,Montanariello,svetlana.montanariello@putz.d
3676,Agnolo,Cedillo,gnolo.cedillo@laboratorios.biz
4676,Hannah,Jockel,hannah.jockel@ceravolo-tonisto.eu
1563,Yvonne,Stout,yvonne.stout@sims.edu
4349,Anouk,Pac,nouk.pace@gmail.co
1658,Esteban,Valdez,steban.valdez@hotmail.co
2552,Angelina,Davies,ngelina.davies@hotmail.co
4847,Anastasie,Cad,nastasie.cadena@live.co
1553,Hansjoachim,Lettier,hansjoachim.lettiere@hall-mcdaniel.net
2632,Yeni,Tejad,yeni.tejada@olson.edu.au
1908,Dulce,Adinolfi,dulce.adinolfi@hotmail.co
5801,Sean,Mielcarek,sean.mielcarek@gmail.co
1935,Omar,Fonsec,omar.fonseca@grupo.org
2609,Henry,Gucci,henry.gucci@leleu.fr
2740,Samira,Bottaro,samira.bottaro@vasseur.fr
1907,Korinna,Arnold,korinna.arnold@zapata-saenz.biz
1831,Marcela,Ferrant,rcela.ferrante@gmx.d
5177,Douglas,Amay,douglas.amaya@favata-brenna.net
6179,Katherina,Barrientos,katherina.barrientos@trobbiani.eu
2917,Brittany,Tr,brittany.tran@tele2.it
1486,Caroline,Reeves,caroline.reeves@yahoo.co
3735,Joe,Michaud,joe.michaud@yahoo.fr
3838,Marco,Vittadello,rco.vittadello@gmail.co
2430,Kim,Webb,kim.webb@yahoo.com.au
2480,Eugenia,Zichichi,ugenia.zichichi@yahoo.co
3431,Aurore,Ros,urore.rosemann@leoncavallo-rusticucci.co
1742,Giustino,Luzi,giustino.luzi@rolland.fr
4628,Anita,Galindo,nita.galindo@gmail.co
2385,Gunhild,Carrillo,gunhild.carrillo@elliott-gilbert.org
2213,Rosa,Paul,rosa.paul@bien.co
5188,Marliese,Oneal,rliese.oneal@gmail.co
3418,Bethany,Hart,bethany.hartmann@yahoo.co
5637,Irina,Martineau,rina.martineau@gmail.co
3530,Beatriz,Mouli,beatriz.moulin@pinto.co
3731,Lucas,Austi,ucas.austin@gmail.co
3219,Carole,Nohlmans,carole.nohlmans@yahoo.co
2392,Bozena,Schmitt,bozena.schmitt@vallet.co
5103,Aimee,Foconi,.foconi@outlook.co
3992,Marzena,Carrero,rzena.carrero@roskoth.d
2442,Raisa,Poulai,raisa.poulain@fastwebnet.it
2913,Marcantonio,Bennett,rcantonio.bennett@hopkins.com.au
1631,Kenneth,Hurst,kenneth.hurst@meunier.net
4073,Marisela,Mend,risela.mende@godoy-enriquez.co
4568,Blanka,Villareal,blanka.villareal@monduzzi.net
1830,Tomislav,Stoppani,tomislav.stoppani@corporacin.org
2623,Krystal,Ammaniti,krystal.ammaniti@barbier.fr
4327,Deanna,Aporti,deanna.aporti@bouygtel.fr
3713,Donatella,Burns,donatella.burns@yahoo.d
2389,Margrit,Hooper,rgrit.hooper@douglas.co
5141,Baccio,Marcacci,baccio.marcacci@laposte.net
3522,Alfio,Ro,fio.roman@hotmail.co.uk
1334,Soledad,Soto,soledad.soto@hotmail.d
4721,Josh,Cimaros,josh.cimarosa@hotmail.co
3768,Nath,Rico,nath.rico@yahoo.co
1639,Gary,Armani,gary.armani@web.d
5149,Miriam,Oquendo,riam.oquendo@smith-watson.biz
2153,Monica,Mohaupt,onica.mohaupt@live.co
2767,Alec,Ho,c.ho@parra-esparza.co
5124,Harry,Fouquet,harry.fouquet@ibarra-cooper.co
2097,Arcelia,Babati,rcelia.babati@orange.fr
4796,Trinidad,Vesp,trinidad.vespa@gmail.co
5849,Colette,Ry,colette.ryan@hotmail.co
1495,Richard,Andr,richard.andre@porras.org
2462,Ellinor,Leclercq,nor.leclercq@gmail.co
2280,Patricio,Guillo,patricio.guillon@web.d
1877,Kirsten,Chindamo,kirsten.chindamo@carrillo-wall.co
6108,Leo,Petruzzi,o.petruzzi@yahoo.co
4427,Margot,Tomaselli,rgot.tomaselli@junck.org
2881,Ansaldo,Marks,nsaldo.marks@patel-odonnell.co
2339,Regina,Mori,regina.morin@barcaccia.net
5156,Karla,Medici,karla.medici@yahoo.co
4750,Morgan,Irizarry,organ.irizarry@williams-harris.biz
4852,Natividad,Wong,natividad.wong@hoevel.co
5734,Anna,Fr,nna.freeman@snyder.net
3801,Emilia,Vivaldi,.vivaldi@garnier.fr
4474,Gerda,Cook,gerda.cook@tin.it
1992,Andrey,Faur,ndrey.faure@frederick-mitchell.info
5796,Charlotte,Duk,charlotte.duke@ochoa.org
1373,Cindy,Castillo,cindy.castillo@virgilio.it
1879,Hiltrud,Thibault,hiltrud.thibault@barbe.co
3072,Kasimir,Jai,kasimir.jaime@gmail.co
4561,Sabine,Lach,sabine.lachmann@phillips.org
5201,Andrea,Arroyo,ndrea.arroyo@yahoo.com.au
5871,Matthew,Velasquez,tthew.velasquez@gmail.co
3041,Severino,Linares,severino.linares@angeli.co
5864,Swantje,Lomeli,swantje.lomeli@gmx.d
3999,Marcus,Espino,rcus.espino@comolli.eu
4849,Allen,Gates,n.gates@gmail.co
5461,Mauricio,Saunders,uricio.saunders@hotmail.co.uk
5946,Gilbert,Cornejo,gilbert.cornejo@hotmail.co
4508,Letizia,Gulott,tizia.gulotta@howard.biz
5096,Etta,Gutknecht,tta.gutknecht@leconte.net
5443,Shelley,Perry,shelley.perry@gierschner.d
2165,Geoffrey,Williams,geoffrey.williams@poste.it
2125,Cory,Stewart,cory.stewart@voila.fr
6141,Kristy,Bartlett,kristy.bartlett@outlook.co
5245,Gianluca,Beck,gianluca.beck@green.biz
2190,Guido,Krei,guido.krein@gmail.co
2243,Leif,Monnier,f.monnier@querini.it
3336,Jonas,Badoer,jonas.badoer@kennedy.biz
3305,Devin,Ebert,devin.ebert@yahoo.fr
6191,Slobodan,Camiscio,slobodan.camiscione@hotmail.co
1326,Volkmar,Gauthier,volkmar.gauthier@hotmail.co
6159,Jordan,Row,jordan.rowe@outlook.co
2003,Manon,Daugherty,non.daugherty@segre.co
5881,Estela,Segovi,stela.segovia@vodafone.it
1918,Giada,Celentano,giada.celentano@evans.net
2157,Clayton,Salcedo,clayton.salcedo@hotmail.co.uk
3149,Raven,Pinto,raven.pinto@hotmail.co
2444,Lewis,Lewis,wis.lewis@pisano.net
6207,Rochus,Rousseau,rochus.rousseau@nguyen.co
5580,Belinda,Gamez,belinda.gamez@leleu.co
5942,Angelo,Lozano,ngelo.lozano@macias.co
1592,Jorge,Monti,jorge.monti@clement.fr
2344,Ricky,Harrell,ricky.harrell@martin.edu
5995,Adriano,Wulf,driano.wulf@schmidtke.net
5022,Pompeo,Bourdo,pompeo.bourdon@gmail.co
5991,Kristie,Garrett,kristie.garrett@wernecke.co
4020,Lodovico,Conley,odovico.conley@yahoo.co
6028,Jean,Berthelot,jean.berthelot@oscuro.it
2790,Tadeusz,Medi,tadeusz.medina@jackson-clark.net
4033,Ruby,Carrier,ruby.carriera@hotmail.it
1261,Theres,Antonioni,theres.antonioni@hotmail.co
1979,Gloria,Morto,gloria.morton@outlook.co
2122,Graziano,Jens,graziano.jensen@gmail.co
4506,Gianpaolo,Massey,gianpaolo.massey@bouvier.co
3016,Alain,Farmer,n.farmer@hotmail.it
3272,Renato,Murillo,renato.murillo@club.co
1375,Edda,Ferraris,dda.ferraris@libero.it
4014,Luce,Marty,uce.marty@waehner.org
3199,Rotraud,Mitchell,rotraud.mitchell@laboratorios.co
2184,Israel,Watkins,srael.watkins@hotmail.co
2170,Nathan,Jennings,nathan.jennings@kim.co
1478,Gavin,Proietti,gavin.proietti@gmx.d
6163,Emma,Rios,.rios@yahoo.com.au
1889,Todd,Douglas,todd.douglas@web.d
5912,Oscar,Holst,oscar.holsten@yahoo.co
2537,Ann,Pero,nn.peron@grupo.biz
2118,Senta,Grassi,senta.grassi@hotmail.co
3234,Kata,M,kata.mena@gmail.co
3842,Gianfranco,Hethur,gianfranco.hethur@stewart-lee.com.au
3032,Florentine,Saraceno,florentine.saraceno@gmail.co
3238,Giuliano,Bolz,giuliano.bolzmann@pacillo.it
2059,Alwine,Kostolzi,wine.kostolzin@holloway.co
5238,Giacinto,Briggs,giacinto.briggs@yahoo.co.uk
2578,Holly,Negret,holly.negrete@hotmail.co
4789,Mark,Trapanes,rk.trapanese@gmail.co
2357,Alyssa,Bru,yssa.brun@chittolini-spadafora.it
1235,Cristina,Chevalier,cristina.chevalier@proyectos.co
3558,Shannon,Lefevr,shannon.lefevre@gmail.co
1707,Logan,Hornich,ogan.hornich@tin.it
2842,Rosalia,Toro,rosalia.toro@free.fr
5318,Reiner,Poerio,reiner.poerio@yahoo.co
1620,Valentina,Pages,valentina.pages@hotmail.d
4998,Enrico,Fabr,nrico.fabre@gmail.co
3111,Sevim,Begu,sevim.begue@yahoo.com.au
1424,Sonja,Patberg,sonja.patberg@hotmail.co
3244,Christine,Hiller,christine.hiller@yahoo.co
4643,Maik,Beasley,k.beasley@harper-brooks.biz
6132,Elliot,Sant,ot.santana@gmx.d
3790,Eloy,Renzi,oy.renzi@gmail.co
1312,Wolf,Lutz,wolf.lutz@nichols-jackson.com.au
5686,Giuseppe,L,giuseppe.lee@mahe.org
2111,Angelica,Cuellar,ngelica.cuellar@zaguri-bellucci.net
5685,Bekir,Normand,bekir.normand@yahoo.d
1905,Carmine,Gonzales,carmine.gonzales@schleich.net
3271,Marianne,Hubert,rianne.hubert@hotmail.co
4178,Gonzalo,Montes,gonzalo.montes@hotmail.co
3275,Shelly,Guichard,shelly.guichard@gmail.co
5713,Tobias,Carbajal,tobias.carbajal@live.co
3339,Santiago,Berry,santiago.berry@aol.d
5585,Emilio,Davenport,o.davenport@zamora-russo.net
4407,Maurizio,Gut,urizio.gute@knight.info
1941,Nadia,Travaglio,nadia.travaglio@colletti-broggini.co
4690,Elisa,Barkholz,sa.barkholz@sfr.fr
3607,Cristal,Mazzini,cristal.mazzini@gmail.co
2670,Trevor,Granados,trevor.granados@gmail.co
5261,Matthieu,Mcdonald,tthieu.mcdonald@morrison.org
4121,Juliette,Presto,juliette.preston@gmail.co
4620,Stanislaw,Montalvo,stanislaw.montalvo@mcpherson-hughes.info
4630,Lilia,Lollobrigid,.lollobrigida@le.co
3440,Brigitta,Shaw,brigitta.shaw@hotmail.co.uk
3572,Rebeca,Frey,rebeca.frey@gerard.fr
5306,Nicolas,Palacios,nicolas.palacios@meraz.co
5122,Susanna,Bonneau,susanna.bonneau@klingelhoefer.d
1368,Romina,Valenti,romina.valentine@hotmail.co
5370,Erika,Toussaint,rika.toussaint@sfr.fr
5636,Lothar,Laurent,othar.laurent@garcia.com.au
6033,Chelsea,Verdugo,chelsea.verdugo@campbell.co
3599,Ria,Venier,ria.venier@murillo-estevez.co
5566,Carly,Summers,carly.summers@yahoo.co.uk
1873,Pasquale,Tomasini,pasquale.tomasini@hotmail.co.uk
3904,Stefani,Ughi,stefani.ughi@hotmail.it
4453,Jose,Huang,jose.huang@gmx.d
5481,Petros,Gao,petros.gaona@googlemail.co
2987,Maximilian,Siering,ximilian.siering@gaito-fornaciari.org
2431,Ermenegildo,Holzapfel,rmenegildo.holzapfel@aol.d
4158,Damien,Leger,damien.leger@dixon.biz
3753,Zeferino,Barrer,zeferino.barrera@zedillo-velazquez.co
4391,Alfred,Pohl,fred.pohl@fechner.net
2026,Marissa,Gaito,rissa.gaito@reed-campbell.edu
4547,Ariana,Housto,riana.houston@hotmail.it
2798,Victor,Jacobs,victor.jacobs@young.co
4732,Henriette,Lang,henriette.lang@mimun.it
5126,Wilfriede,Bac,wilfriede.baca@caraballo.co
5151,Lucia,Rivier,ucia.riviere@samaniego.biz
2134,Gordon,Vigorelli,gordon.vigorelli@solano.co
5786,Diethard,Salgado,diethard.salgado@gmail.co
5515,Sue,Corrales,sue.corrales@cardenas-serna.org
4530,Arthur,Salazar,rthur.salazar@yahoo.com.au
4088,Fortunata,Schneider,fortunata.schneider@tiscali.it
3667,Gretchen,Ser,gretchen.serna@pichon.org
3286,Egon,Caro,gon.caron@hotmail.co
4804,Roberta,Finzi,roberta.finzi@knight-davies.co.uk
5768,Editha,Savag,ditha.savage@davies.co.uk
6098,Allan,Emanuelli,n.emanuelli@fernandes.org
2508,Laurence,Lucero,urence.lucero@martin.org
5779,Istvan,Draghi,stvan.draghi@ifrance.co
1717,Luigi,Bonnet,uigi.bonnet@carriera-federico.it
3368,Yuridia,Fantozzi,yuridia.fantozzi@mcdonald.co
4265,Eraldo,Schmiedt,raldo.schmiedt@hotmail.d
4455,Antoinette,Cox,ntoinette.cox@bustamante.co
2940,Cameron,Ocampo,cameron.ocampo@hotmail.com.au
6144,Lynn,Lawso,ynn.lawson@leclercq.co
3657,Natalia,Seifert,natalia.seifert@ifrance.co
1537,Nuray,Anguillar,nuray.anguillara@yahoo.co.uk
2116,Beate,Morg,beate.morgan@gmail.co
5102,Mario,Rees,rio.rees@gmx.d
5815,Galasso,Junk,galasso.junken@yahoo.co.uk
4250,Luca,Moses,uca.moses@franke.d
4533,Aurelio,Gertz,urelio.gertz@hewitt.net
3329,Uberto,Steel,uberto.steele@outlook.co
3606,Annie,Hunter,nnie.hunter@allen.co.uk
4749,Jo,Mccarty,jo.mccarty@hotmail.co
2222,Eitel,Lombard,tel.lombard@thomas.net
1939,Susan,Vigliotti,susan.vigliotti@yahoo.co.uk
2456,Jacqueline,Germano,jacqueline.germano@valette.fr
2794,Fidel,Ruppert,fidel.ruppert@yahoo.co.uk
2648,Margaret,Eigenwillig,rgaret.eigenwillig@yahoo.co
2545,Yvette,Harding,yvette.harding@yahoo.co.uk
3273,Federigo,Karg,federigo.karge@bohlander.co
6155,Guenther,Arment,guenther.armenta@free.fr
6064,Coriolano,Higgins,coriolano.higgins@murphy.org.au
1729,Felix,Rubio,felix.rubio@ebert.d
4969,Melanie,Levequ,nie.leveque@fleury.net
3402,Abbie,Galeati,bbie.galeati@ubaldi.it
2810,Vittorio,Caccioppoli,vittorio.caccioppoli@yahoo.co
2217,Biagio,Valenzuel,biagio.valenzuela@robinson.info
5140,Dario,Gr,dario.green@live.co
4497,Alwina,Textor,wina.textor@poste.it
5100,Diether,Baez,diether.baeza@grupo.biz
3390,Sole,Trevino,sole.trevino@hotmail.co
1926,Darren,Bernardi,darren.bernardi@brooks-martin.co
3264,Martina,Heser,rtina.heser@morellato.it
2573,Bethan,Giacometti,bethan.giacometti@gmail.co
3628,Ethan,Duhamel,than.duhamel@sfr.fr
3826,Corrado,Warr,corrado.warren@hotmail.com.au
5983,Damian,Pulido,damian.pulido@yahoo.d
5678,Dino,Osbor,dino.osborne@despacho.co
2093,Nicolaus,Bernetti,nicolaus.bernetti@aol.d
5333,Gianna,Carroll,gianna.carroll@perez.co
5139,Grit,Knight,grit.knight@web.d
3173,Erin,Weinhold,rin.weinhold@hotmail.fr
3333,Craig,Jord,craig.jordan@gmail.co
2262,Homero,Respighi,homero.respighi@gmail.co
1531,Fanny,Pertil,fanny.pertile@gmail.co
4881,Fridolin,Comboni,fridolin.comboni@graf.co
3928,Hugh,Cantu,hugh.cantu@libero.it
1803,Alphons,Simmons,phons.simmons@hotmail.co
2321,Ludovico,Cafarchi,udovico.cafarchia@gmail.co
6234,Nico,Kaiser,nico.kaiser@almonte.co
1422,Kirsty,Lamy,kirsty.lamy@alonzi.it
2660,Joshua,Scheib,joshua.scheibe@turci.org
5361,Carin,Pineau,carin.pineau@yahoo.co
3420,Ellie,Galarz,.galarza@pareto-cattaneo.net
4337,Marion,Lir,rion.lira@ifrance.co
2338,Aurelia,Angiolello,urelia.angiolello@lord.co
4140,Maura,Ravaglioli,ura.ravaglioli@yahoo.co
2373,Brunhilde,Fletcher,brunhilde.fletcher@schomber.d
1344,Ottfried,Marques,ottfried.marques@tyler-watson.info
2141,Christelle,Blasi,christelle.blasi@morris-chan.co
3415,Augusto,Vercelloni,ugusto.vercelloni@club-internet.fr
5696,Michela,Pruvost,chela.pruvost@holt.co.uk
1798,Guarino,Escalant,guarino.escalante@hotmail.co
1657,Gabriela,Padill,gabriela.padilla@pearson-russell.co
3651,Agathe,Dias,gathe.dias@jackson.co
3574,Werner,Kallert,werner.kallert@gmail.co
6063,Lore,Delaunay,ore.delaunay@yahoo.co
2404,Enzio,Campos,nzio.campos@tim.it
2705,Walther,Duart,walther.duarte@web.d
5059,Adelgunde,Trevis,delgunde.trevisan@gmail.co
5466,Thierry,Schwartz,thierry.schwartz@travaglio.net
5821,Katie,Anders,katie.andersen@haney.com.au
5385,Kathy,Zamorani,kathy.zamorani@hotmail.co
3506,Giuseppina,Tanguy,giuseppina.tanguy@wanadoo.fr
5427,Jack,Klapp,jack.klapp@hotmail.com.au
6142,Tom,Lecont,tom.leconte@woods-johnson.co
2873,Bonnie,Cignaroli,bonnie.cignaroli@yahoo.co
3916,Danny,Farrell,danny.farrell@hotmail.co
1687,Fiorenzo,Bauer,fiorenzo.bauer@gmail.co
1542,Randy,Alfieri,randy.alfieri@verri.org
3087,Tim,Bradley,tim.bradley@schlosser.d
3857,Yves,Mendez,yves.mendez@gmail.co
5921,Raffaella,Esquivel,raffaella.esquivel@gmail.co
3144,Lawrence,Vasari,wrence.vasari@castillo.edu
2676,Sam,Adams,sam.adams@yahoo.co
3646,Mirco,Nicolini,rco.nicolini@blin.net
1321,Graham,Bajardi,graham.bajardi@yahoo.co
1399,Luc,Qui,uc.quinn@walker.co
3169,Stella,Ullrich,stella.ullrich@hotmail.com.au
2058,Calcedonio,Remy,calcedonio.remy@edwards-benton.co
1300,Nanni,Almaraz,nanni.almaraz@martin.co
2075,Pascual,Corradi,pascual.corradi@lopez.net.au
2984,Kristi,Grant,kristi.grant@yahoo.co.uk
4768,Manuel,Graci,nuel.gracia@trussardi.eu
3682,Gionata,Hussai,gionata.hussain@yahoo.co
5901,Maria,Nguy,ria.nguyen@hernadez.co
3540,Leon,Baker,on.baker@hotmail.co
2225,Gianmarco,Alcaraz,gianmarco.alcaraz@zacchia.net
1485,Derrick,Littl,derrick.little@small.org
5343,Terry,Ramirez,terry.ramirez@hotmail.co.uk
5594,Katarina,Clark,katarina.clarke@hotmail.com.au
2482,Leila,Washingto,.washington@gmail.co
2706,Mirko,Townsend,rko.townsend@schmitt.co
4861,Randall,Connolly,randall.connolly@jovinelli-castelli.co
2961,Pia,Burgess,pia.burgess@proyectos.org
3043,Justine,Mancini,justine.mancini@tiscali.it
6103,Reynaldo,Wagenknecht,reynaldo.wagenknecht@faure.co
4708,Toni,Magrassi,toni.magrassi@gmail.co
4395,Patrizio,Cisneros,patrizio.cisneros@martinez.edu.au
4912,Durante,Lindner,durante.lindner@picard.fr
2030,Rosl,Lamborghini,rosl.lamborghini@hiller.net
5235,Ugo,Harriso,ugo.harrison@morley-chapman.co.uk
5001,Isidor,Carpenter,sidor.carpenter@chauvin.co
4093,Marie,Zoppetto,rie.zoppetto@kallert.d
2576,Branko,Chambers,branko.chambers@ifrance.co
6122,Alan,Pined,n.pineda@proyectos.info
2813,Carmen,Oestrovsky,carmen.oestrovsky@gmail.co
3737,Shane,Fernandez,shane.fernandez@hotmail.d
2803,Debbie,Guilbert,debbie.guilbert@berg.edu
5508,Vito,Dossi,vito.dossi@hotmail.co.uk
3850,Evan,Schacht,van.schacht@price.co
4220,Mandy,Westo,ndy.weston@free.fr
4532,Paulo,Zito,paulo.zito@nelson.biz
6013,Alberto,Girschner,berto.girschner@laboratorios.co
3396,Giacomo,Bouvet,giacomo.bouvet@gmail.co
4401,Ehrentraud,Pug,hrentraud.puga@laboratorios.co
2981,Cristian,Hal,cristian.hale@hotmail.co.uk
4467,Lilija,Charles,ja.charles@gmail.co
1377,Albert,Legendr,bert.legendre@lee.co
5036,Marisa,Renaud,risa.renaud@smith.org
5761,Sharon,Diallo,sharon.diallo@gmail.co
3699,Eduardo,Delattr,duardo.delattre@lynch.net.au
4519,Bernadette,Wang,bernadette.wang@gmail.co
5395,Dina,Gibbons,dina.gibbons@brewer.net
3057,Clara,Armstrong,clara.armstrong@vodafone.it
2741,Elliott,Herr,ott.herrmann@hotmail.com.au
1675,Graziella,Vidal,graziella.vidal@hotmail.co
2712,Francisca,Becerr,francisca.becerra@young.com.au
4527,Edeltrud,Boyer,deltrud.boyer@outlook.co
1722,Julian,Nobl,julian.noble@hill.org.au
4330,Christophe,Bohnbach,christophe.bohnbach@ifrance.co
5219,Ippazio,Angulo,ppazio.angulo@yahoo.co
4997,Grace,Kroker,grace.kroker@hotmail.co
2239,Jared,Ferguso,jared.ferguson@roberts.co
4587,Virginie,McL,virginie.mclean@yahoo.co
4113,Mason,Potter,son.potter@gmail.co
4762,Aaron,Anay,ron.anaya@hotmail.com.au
5242,Leah,Ornelas,h.ornelas@gmail.co
5765,Harald,Roy,harald.roy@web.d
2185,Micaela,Martel,caela.martel@hotmail.co
5500,Vincentio,Sanders,vincentio.sanders@voila.fr
3494,Bettina,Norbiato,bettina.norbiato@allen-lutz.org
3924,Julio,Renner,julio.renner@industrias.net
3521,Jelena,Stiffel,jelena.stiffel@trupp.d
5262,Guadalupe,Munoz,guadalupe.munoz@murray-hamilton.com.au
3684,Whitney,Noack,whitney.noack@laboratorios.org
5784,Gelsomina,Migliaccio,gelsomina.migliaccio@junk.co
1498,Evangelista,Pereir,vangelista.pereira@thompson-peterson.biz
6073,Gareth,Comolli,gareth.comolli@tiscali.fr
4939,Michelangelo,Hess,chelangelo.hess@bouygtel.fr
